ticker,empresa,setor,subsetor,roic_clean,earnings_yield_clean,rank_roic,rank_ey,magic_formula_rank,cotacao,vol_med_2m,pl,pvp,div_yield,lpa,30_dias,12_meses,marg_liquida,data_execucao
DSUL3,DATASUL ON NM,Programas e Serviços,Programas e Serviços,48.9,0.7874,7,15,22,7.95,0.0,5.65,0.97,0.0,1.41,0.0,0.0,16.0,2025-08-23
BPHA3,BRAZIL PHARMA S.A. ON NM,Comércio e Distribuição,Medicamentos e Outros Produtos,401.0,0.625,1,24,25,0.62,0.0,0.06,-0.24,0.0,10.4,0.0,-60.0,-33652.5,2025-08-23
MTBR3,WHIRLPOOL S.A. ON,Utilidades Domésticas,Eletrodomésticos,33.6,1.36986,23,7,30,0.99,0.0,1.59,0.67,0.0,0.62,0.0,0.0,7.1,2025-08-23
MTBR4,WHIRLPOOL S.A. PN,Utilidades Domésticas,Eletrodomésticos,33.6,1.25,23,9,32,1.05,0.0,1.69,0.71,0.0,0.62,0.0,0.0,7.1,2025-08-23
SOND3,SONDOTECNICA S/A. ON,Construção e Engenharia,Engenharia Consultiva,44.6,0.44248,10,29,39,47.0,0.0,4.43,1.8,12.1,10.61,0.0,0.0,12.3,2025-08-23
SOND6,SONDOTECNICA S/A. PNB,Construção e Engenharia,Engenharia Consultiva,44.6,0.37594,10,33,43,52.9,635.0,4.99,2.02,11.9,10.61,39.17,12.59,12.3,2025-08-23
SOND5,SONDOTECNICA S/A. PNA,Construção e Engenharia,Engenharia Consultiva,44.6,0.35714,10,35,45,54.98,1367.0,5.18,2.1,11.4,10.61,30.9,17.13,12.3,2025-08-23
ASSM4,HOTEIS ELDORADO PN,,,35.4,0.53191,20,27,47,6.1,0.0,0.29,-0.15,0.0,21.28,0.0,0.0,-2915.6,2025-08-23
ASSM3,HOTEIS ELDORADO ON,,,35.4,0.51282,20,28,48,7.12,0.0,0.33,-0.17,0.0,21.28,0.0,0.0,-2915.6,2025-08-23
CSPC4,COSIPA PN,,,29.2,0.6993,36,18,54,1.2,0.0,0.0,0.0,0.0,0.0,0.0,0.0,18.8,2025-08-23
CSPC3,COSIPA ON,,,29.2,0.6993,36,18,54,1.24,0.0,0.0,0.0,0.0,0.0,0.0,0.0,18.8,2025-08-23
AGEN33,Agrenco DR3,Comércio e Distribuição,Alimentos,87.7,0.2681,3,51,54,0.16,0.0,0.39,-0.03,0.0,0.41,0.0,0.0,0.0,2025-08-23
BOBR3,BOMBRIL SA ON,Produtos de Uso Pessoal e de Limpeza,Produtos de Limpeza,33.3,0.39063,27,31,58,1.0,0.0,3.57,275.96,0.0,0.28,0.0,0.0,4.7,2025-08-23
SALM4,SEARA ALIMENTOS PN,,,25.8,0.90909,46,13,59,5.9,0.0,0.0,0.0,0.0,0.0,0.0,0.0,4.1,2025-08-23
SALM3,SEARA ALIMENTOS ON,,,25.8,0.90909,46,13,59,5.7,0.0,0.0,0.0,0.0,0.0,0.0,0.0,4.1,2025-08-23
BOBR4,BOMBRIL SA PN,Produtos de Uso Pessoal e de Limpeza,Produtos de Limpeza,33.3,0.34843,27,36,63,1.24,10436.0,4.43,342.2,0.0,0.28,-15.65,-43.12,4.7,2025-08-23
GAZO4,GAZOLA SA INDÚSTRIA METALURGICA PN,,,25.1,0.97087,52,12,64,2.32,0.0,0.31,-0.03,0.0,7.47,0.0,0.0,-454.5,2025-08-23
GAZO3,GAZOLA SA INDÚSTRIA METALURGICA ON,,,25.1,0.6993,52,18,70,3.4,0.0,0.45,-0.05,0.0,7.47,0.0,0.0,-454.5,2025-08-23
BELG4,BELGO PN,,,22.0,2.5,66,4,70,1370.0,0.0,0.36,0.07,0.0,3853.2,0.0,0.0,19.5,2025-08-23
BELG3,BELGO ON,,,22.0,2.43902,66,5,71,1375.5,0.0,0.36,0.07,0.0,3853.2,0.0,0.0,19.5,2025-08-23
TSPP4,VIVO PARTICIPAÇÕES PN,,,23.9,0.76923,55,17,72,9.05,0.0,1.24,0.37,0.0,7.32,0.0,0.0,15.2,2025-08-23
STBP11,SBPAR UNT,Transporte,Serviços de Apoio e Armazenagem,30.5,0.31847,34,39,73,14.4,0.0,3.06,3.1,0.0,4.71,0.0,0.0,24.5,2025-08-23
MNPR3,MINUPAR ON,Alimentos Processados,Carnes e Derivados,25.3,0.60241,51,26,77,32.49,75886.0,0.45,1.2,0.0,72.99,24.34,107.74,126.4,2025-08-23
CAMB4,PENALTY PN,"Tecidos, Vestuário e Calçados",Calçados,25.7,0.3861,48,32,80,6.25,0.0,3.8,0.86,0.0,1.65,0.0,0.0,16.9,2025-08-23
TSPP3,VIVO PARTICIPAÇÕES ON,,,23.9,0.6135,55,25,80,12.6,0.0,1.72,0.51,0.0,7.32,0.0,0.0,15.2,2025-08-23
WHRL3,WHIRLPOOL S.A. ON,Utilidades Domésticas,Eletrodomésticos,33.6,0.22026,23,66,89,4.24,22596.0,6.82,2.86,16.9,0.62,-2.53,14.44,7.1,2025-08-23
WHRL4,WHIRLPOOL S.A. PN,Utilidades Domésticas,Eletrodomésticos,33.6,0.20408,23,79,102,4.55,138904.0,7.32,3.07,17.4,0.62,8.59,18.86,7.1,2025-08-23
CMET4,CAEMI PN,,,81.4,0.18727,4,98,102,3.91,0.0,8.1,5.38,0.0,0.48,0.0,0.0,43.0,2025-08-23
BALM4,BAUMER PN,Equipamentos,Equipamentos,20.3,0.39526,75,30,105,16.36,6428.0,5.64,0.88,8.3,2.9,3.54,67.44,13.5,2025-08-23
PTIP4,IPIRANGA PETROQUIMICA SA PN,,,23.1,0.27624,60,48,108,25.15,0.0,0.0,0.0,0.0,0.0,0.0,0.0,7.5,2025-08-23
PTIP3,IPIRANGA PETROQUIMICA SA ON,,,23.1,0.27624,60,48,108,22.0,0.0,0.0,0.0,0.0,0.0,0.0,0.0,7.5,2025-08-23
RSUL4,METALURGICA RIOSULENSE S/A PN,Material de Transporte,Material Rodoviário,25.5,0.24155,50,59,109,66.14,113942.0,6.67,1.58,3.4,9.91,-1.96,5.22,15.0,2025-08-23
CPSL3,COPESUL ON,,,57.1,0.18248,6,104,110,38.02,0.0,8.56,3.49,0.0,4.44,0.0,0.0,9.2,2025-08-23
CAMB3,PENALTY ON,"Tecidos, Vestuário e Calçados",Calçados,25.7,0.23419,48,63,111,9.41,320853.0,5.71,1.29,10.0,1.65,1.72,-16.57,16.9,2025-08-23
VCPA4,Fibria PN N1,Madeira e Papel,Papel e Celulose,23.0,0.24691,62,56,118,26.01,0.0,4.72,1.02,0.0,5.51,0.0,0.0,16.8,2025-08-23
BALM3,BAUMER ON,Equipamentos,Equipamentos,20.3,0.27855,75,46,121,20.6,2329.0,7.1,1.11,6.6,2.9,-1.9,79.85,13.5,2025-08-23
DMMO3,DOMMO ON,"Petróleo, Gás e Biocombustíveis","Exploração, Refino e Distribuição",70.4,0.16949,5,119,124,1.76,0.0,-258.65,-1.72,0.0,-0.01,0.0,10.69,-1.1,2025-08-23
TRFO3,TRAFO ON,,,27.6,0.19531,40,88,128,4.53,0.0,10.32,2.58,0.0,0.44,0.0,0.0,7.8,2025-08-23
NATU3,NATURA COSMETICOS SA ON,,,22.5,0.23202,64,64,128,9.14,52884400.0,18.68,1.33,0.0,0.49,-2.77,-10.3,3.0,2025-08-23
PETR4,PETROBRAS PN,"Petróleo, Gás e Biocombustíveis","Exploração, Refino e Distribuição",18.9,0.28818,87,44,131,30.47,926686000.0,5.08,0.98,14.9,6.0,0.12,-5.13,15.8,2025-08-23
HOOT4,HOTEIS OTHON S.A. PN,Hoteis e Restaurantes,Hotelaria,14.3,1.81818,128,6,134,3.8,23332.0,0.64,-2.02,0.0,5.98,-2.81,55.74,58.3,2025-08-23
LREN3,RENNER ON,Comércio,"Tecidos, Vestuário e Calçados",22.0,0.2193,66,69,135,15.91,250919000.0,12.33,1.64,4.5,1.29,-8.93,7.91,8.9,2025-08-23
CMIN3,CSNMINERACAO ON N2,Mineração,Minerais Metálicos,23.7,0.21053,59,76,135,4.96,23922200.0,12.25,2.95,16.7,0.4,-6.06,2.91,13.3,2025-08-23
CEDO4,CIA. DE FIAÇÃO E TECIDOS CEDRO CACHOEIRA PN,"Tecidos, Vestuário e Calçados",Fios e Tecidos,17.8,0.3096,95,41,136,11.5,21904.0,1.62,0.38,0.0,7.11,-30.22,-52.28,7.1,2025-08-23
PETR3,PETROBRAS ON,"Petróleo, Gás e Biocombustíveis","Exploração, Refino e Distribuição",18.9,0.27548,87,50,137,33.02,321572000.0,5.5,1.07,13.7,6.0,-0.27,-5.09,15.8,2025-08-23
TRFO4,TRAFO PN,,,27.6,0.18762,40,97,137,4.7,0.0,10.7,2.68,0.0,0.44,0.0,0.0,7.8,2025-08-23
LEVE3,MAHLE METAL LEVE ON,Automóveis e Motocicletas,Automóveis e Motocicletas,31.4,0.17153,32,111,143,27.16,6665210.0,6.85,4.98,9.7,3.97,-5.2,-5.53,10.5,2025-08-23
TGMA3,Tegma ON NM,Transporte,Transporte Rodoviário,36.1,0.15949,17,127,144,36.5,9361390.0,8.6,2.43,7.4,4.24,9.99,49.68,12.7,2025-08-23
VALE5,VALE ON NM,Mineração,Minerais Metálicos,15.8,0.31348,105,40,145,33.36,0.0,5.23,0.71,0.0,6.38,0.0,0.0,13.3,2025-08-23
LVTC3,WDC NETWORKS ON NM,Programas e Serviços,Programas e Serviços,13.6,2.5641,142,3,145,3.1,75018.0,28.26,0.31,6.1,0.11,-9.62,-14.84,0.8,2025-08-23
CEDO3,CIA. DE FIAÇÃO E TECIDOS CEDRO CACHOEIRA ON,"Tecidos, Vestuário e Calçados",Fios e Tecidos,17.8,0.26042,95,54,149,21.0,1097.0,2.95,0.69,0.0,7.11,-16.83,-19.57,7.1,2025-08-23
AHEB3,PARQUE ANHEMBI ON,Viagens e Lazer,Produção de Eventos e Shows,15.2,0.29762,113,42,155,31.95,835.0,2.63,1.09,0.0,12.15,-10.75,-11.25,15.4,2025-08-23
ALPK3,ESTAPAR ON NM,Serviços Diversos,Serviços Diversos,19.0,0.2193,86,69,155,2.99,304240.0,-188.05,1.87,0.0,-0.02,0.34,-23.14,0.2,2025-08-23
ASAI3,ASSAI ON NM,Comércio e Distribuição,Alimentos,19.1,0.21834,84,73,157,10.1,148009000.0,14.83,2.44,1.1,0.68,3.8,3.93,1.2,2025-08-23
BRFS3,BRF Foods ON NM,Alimentos Processados,Carnes e Derivados,22.0,0.18904,66,92,158,19.89,170084000.0,9.33,1.99,3.5,2.13,-7.06,-21.79,6.1,2025-08-23
TEFC11,TELEFÓNICA DR3,,,14.9,0.28986,119,43,162,35.5,0.0,0.0,0.0,0.0,11009.8,0.0,0.0,14.2,2025-08-23
ACES4,ARCELORMITTAL INOX BRASIL PN,Siderurgia e Metalurgia,Siderurgia,26.9,0.15385,42,131,173,94.73,0.0,8.74,2.27,0.0,10.84,0.0,0.0,19.3,2025-08-23
ACES3,ARCELORMITTAL INOX BRASIL ON,Siderurgia e Metalurgia,Siderurgia,26.9,0.15291,42,133,175,95.27,0.0,8.79,2.28,0.0,10.84,0.0,0.0,19.3,2025-08-23
WSON33,Wilson Sons DR3,Transporte,Serviços de Apoio e Armazenagem,18.4,0.19685,92,85,177,67.0,0.0,8.07,0.98,0.0,8.3,0.0,34.0,13.6,2025-08-23
VTRU3,VITRUEDUCA ON NM,Diversos,Serviços Educacionais,14.7,0.24331,122,57,179,10.35,3447340.0,3.51,0.51,0.2,2.95,16.29,-1.15,17.9,2025-08-23
VALE3,VALE ON NM,Mineração,Minerais Metálicos,15.8,0.21645,105,75,180,54.79,1294570000.0,8.59,1.16,8.3,6.38,0.66,1.33,13.3,2025-08-23
MPLU3,MULTIPLUS ON NM,,,129.6,0.1297,2,179,181,26.8,0.0,12.2,17.37,0.0,2.2,0.0,7.63,56.4,2025-08-23
AURA33,AURA 360 DR3,Mineração,Minerais Metálicos,35.1,0.1368,22,161,183,49.98,16663700.0,-30.86,14.23,1.3,-1.62,8.8,177.77,-9.0,2025-08-23
MSAN4,BUNGE BRASIL S.A. PN,,,11.8,4.7619,185,1,186,6.44,0.0,0.0,0.0,0.0,0.0,0.0,0.0,2.4,2025-08-23
MSAN3,BUNGE BRASIL S.A. ON,,,11.8,4.7619,185,1,186,6.44,0.0,0.0,0.0,0.0,0.0,0.0,0.0,2.4,2025-08-23
ECIS3,ECISA ON,,,12.5,0.65359,168,22,190,211.65,0.0,0.0,0.0,0.0,0.0,0.0,0.0,14.2,2025-08-23
ECIS4,ECISA PN,,,12.5,0.65359,168,22,190,145.0,0.0,0.0,0.0,0.0,0.0,0.0,0.0,14.2,2025-08-23
CSUD3,CSU DIGITAL ON,Serviços Diversos,Serviços Diversos,20.9,0.16978,72,118,190,17.76,566115.0,8.02,1.51,6.4,2.22,1.08,1.92,15.6,2025-08-23
VIVO3,VIVO PARTICIPAÇÕES ON,,,23.9,0.15038,55,138,193,65.79,0.0,8.99,2.69,0.0,7.32,0.0,0.0,15.2,2025-08-23
TECN3,TECHNOS ON NM,"Tecidos, Vestuário e Calçados",Acessórios,15.4,0.19763,109,84,193,6.67,472559.0,6.6,0.99,3.7,1.01,7.41,11.51,14.2,2025-08-23
CEAB3,CEA MODAS ON NM,Comércio,"Tecidos, Vestuário e Calçados",15.8,0.19194,105,89,194,16.34,59986400.0,10.03,1.46,2.3,1.63,-2.62,71.96,6.3,2025-08-23
WEGE4,WEG SA PN N1,Máquinas e Equipamentos,"Motores, Compressores e Outros",28.6,0.13889,38,156,194,16.1,0.0,10.54,3.04,0.0,1.53,0.0,0.0,16.5,2025-08-23
VLID3,VALID ON NM,Serviços Diversos,Serviços Diversos,15.5,0.18939,108,91,199,21.01,5892350.0,6.12,0.99,10.8,3.43,-5.23,5.19,13.1,2025-08-23
KEPL3,KEPLER WEBER SA ON,Máquinas e Equipamentos,Máq. e Equip. Industriais,20.2,0.16529,77,122,199,7.35,8369120.0,8.81,1.81,9.7,0.83,3.24,-29.99,9.6,2025-08-23
ALLL11,RUMO S.A. UNT,Transporte,Transporte Ferroviário,13.0,0.26738,155,52,207,16.5,0.0,9.51,0.46,0.0,1.74,0.0,0.0,4.8,2025-08-23
ALLL4,RUMO S.A. PN,Transporte,Transporte Ferroviário,13.0,0.26667,155,53,208,3.32,0.0,9.57,0.46,0.0,0.35,0.0,0.0,4.8,2025-08-23
EALT4,ELECTRO AÇO ALTONA S/A PN,Máquinas e Equipamentos,Máq. e Equip. Industriais,13.3,0.23866,148,61,209,10.75,244339.0,2.79,0.73,5.9,3.86,-24.3,-15.58,14.7,2025-08-23
ALLL3,RUMO S.A. ON,Transporte,Transporte Ferroviário,13.0,0.25253,155,55,210,3.97,0.0,11.44,0.55,0.0,0.35,0.0,0.0,4.8,2025-08-23
LATS3,REXAM BEVERAGE CAN SOUTH AMERICA ON,,,11.6,0.7874,195,15,210,22.0,0.0,0.0,0.0,0.0,0.0,0.0,0.0,1.3,2025-08-23
RECV3,PETRORECONCA ON NM,"Petróleo, Gás e Biocombustíveis","Exploração, Refino e Distribuição",15.0,0.18904,118,92,210,12.77,30204400.0,5.7,0.84,17.2,2.24,-5.83,-32.98,19.5,2025-08-23
VIVO4,VIVO PARTICIPAÇÕES PN,,,23.9,0.1385,55,157,212,71.8,0.0,9.81,2.93,0.0,7.32,0.0,0.0,15.2,2025-08-23
SEER3,SER EDUCA ON NM,Diversos,Serviços Educacionais,13.2,0.23697,154,62,216,8.84,5629700.0,12.31,0.87,1.7,0.72,4.49,47.54,4.3,2025-08-23
FIBR3,Fibria ON N1,Madeira e Papel,Papel e Celulose,23.0,0.13947,62,155,217,66.3,0.0,12.03,2.59,7.6,5.51,0.0,-2.83,16.8,2025-08-23
LPSB3,LOPES BRASIL ON NM,Exploração de Imóveis,Intermediação Imobiliária,12.3,0.27855,178,46,224,1.46,181467.0,7.52,0.89,5.0,0.19,3.55,-12.42,18.3,2025-08-23
MILS3,MILLS ON NM,Diversos,Aluguel de carros,19.4,0.14749,82,142,224,12.09,8226300.0,9.39,1.85,2.4,1.29,10.19,10.21,17.6,2025-08-23
BRTP4,BRASIL TELECOM PARTICIPAÇÕES S.A. PN N1,,,13.4,0.19881,143,82,225,20.81,0.0,-39.19,1.43,0.0,-0.53,0.0,0.0,-3.0,2025-08-23
RANI4,IRANI PN,Madeira e Papel,Papel e Celulose,14.8,0.17921,120,106,226,5.5,0.0,3.41,0.93,0.0,1.61,0.0,0.0,22.9,2025-08-23
AHEB6,PARQUE ANHEMBI PNB,Viagens e Lazer,Produção de Eventos e Shows,15.2,0.17036,113,113,226,55.0,0.0,4.53,1.87,0.0,12.15,0.0,54.93,15.4,2025-08-23
PLIM4,NET SERVIÇOS DE COMUNICAÇÃO S.A. PN N2,,,10.9,0.66667,205,21,226,0.59,0.0,1.89,0.03,0.0,0.31,0.0,0.0,1.6,2025-08-23
MRSA5B,MRS LOGÍSTICA S/A PNA MB,Transporte,Transporte Ferroviário,14.3,0.18519,128,99,227,24.5,378.0,5.48,1.01,4.3,4.47,11.26,-15.03,21.2,2025-08-23
MRSA5B,MRS LOGÍSTICA S/A PNA MB,Transporte,Transporte Ferroviário,14.3,0.18519,128,99,227,24.5,378.0,5.48,1.01,4.3,4.47,11.26,-15.03,21.2,2025-08-23
CSED3,CRUZEIRO EDU ON NM,Diversos,Serviços Educacionais,13.0,0.21834,155,73,228,4.69,1781560.0,8.49,1.11,8.0,0.55,-3.3,32.29,7.5,2025-08-23
POMO3,MARCOPOLO ON,Material de Transporte,Material Rodoviário,20.0,0.14205,78,151,229,7.31,1339000.0,6.88,1.99,7.9,1.06,12.46,48.31,13.6,2025-08-23
MRSA6B,MRS LOGÍSTICA S/A PNB MB,Transporte,Transporte Ferroviário,14.3,0.18282,128,102,230,25.0,222.0,5.6,1.03,4.2,4.47,0.0,-19.96,21.2,2025-08-23
MRSA6B,MRS LOGÍSTICA S/A PNB MB,Transporte,Transporte Ferroviário,14.3,0.18282,128,102,230,25.0,222.0,5.6,1.03,4.2,4.47,0.0,-19.96,21.2,2025-08-23
FRAS4,FRAS-LE S.A. PN,Material de Transporte,Material Rodoviário,13.3,0.19685,148,85,233,5.79,0.0,4.83,0.74,0.0,1.2,0.0,0.0,7.1,2025-08-23
VAMO3,VAMOS ON NM,Diversos,Aluguel de carros,15.4,0.1642,109,124,233,3.86,56253400.0,16.19,1.6,7.1,0.24,0.0,-50.03,6.7,2025-08-23
PCAR3,PÃO DE AÇÚCAR ON,Comércio e Distribuição,Alimentos,11.1,0.36765,199,34,233,3.23,40140300.0,-0.88,0.62,0.0,-3.67,-3.29,-2.12,-9.4,2025-08-23
MOVI3,MOVIDA ON NM,Diversos,Aluguel de carros,14.6,0.17301,124,110,234,6.96,43778200.0,8.45,0.91,2.7,0.82,13.36,-5.94,2.0,2025-08-23
EALT3,ELECTRO AÇO ALTONA S/A ON,Máquinas e Equipamentos,Máq. e Equip. Industriais,13.3,0.19084,148,90,238,14.4,19715.0,3.73,0.97,4.0,3.86,-5.2,14.48,14.7,2025-08-23
AVIL3,ACOS VILLARES ON,Siderurgia e Metalurgia,Siderurgia,41.0,0.10638,13,225,238,0.93,0.0,12.97,4.16,0.0,0.07,0.0,0.0,18.0,2025-08-23
AHEB5,PARQUE ANHEMBI PNA,Viagens e Lazer,Produção de Eventos e Shows,15.2,0.16155,113,126,239,58.0,258.0,4.77,1.97,0.0,12.15,0.0,65.71,15.4,2025-08-23
MRSA3B,MRS LOGÍSTICA S/A ON MB,Transporte,Transporte Ferroviário,14.3,0.17036,128,113,241,27.9,1013.0,6.25,1.15,0.0,4.47,5.28,-12.55,21.2,2025-08-23
MRSA3B,MRS LOGÍSTICA S/A ON MB,Transporte,Transporte Ferroviário,14.3,0.17036,128,113,241,27.9,1013.0,6.25,1.15,0.0,4.47,5.28,-12.55,21.2,2025-08-23
CREM4,CREMER S.A. PN,Medicamentos e Outros Produtos,Medicamentos e Outros Produtos,11.4,0.28169,196,45,241,48.0,0.0,0.11,0.01,0.0,443.5,0.0,0.0,2.1,2025-08-23
LEVE4,MAHLE METAL LEVE PN,Automóveis e Motocicletas,Automóveis e Motocicletas,31.4,0.11574,32,209,241,44.49,0.0,11.21,8.16,0.0,3.97,0.0,0.0,10.5,2025-08-23
ANIM3,ANIMA ON NM,Diversos,Serviços Educacionais,12.9,0.20367,163,80,243,3.17,23365800.0,9.11,0.54,1.7,0.35,-12.19,-7.87,7.2,2025-08-23
BSEV3,BIOSEV ON NM,Alimentos Processados,Açucar e Alcool,20.7,0.13175,73,176,249,9.0,0.0,56.31,-10.76,0.0,0.16,0.0,21.13,1.6,2025-08-23
EUCA4,EUCATEX PN,Madeira e Papel,Madeira,11.8,0.22779,185,65,250,17.0,718885.0,6.08,0.58,4.3,2.79,0.41,11.79,8.5,2025-08-23
AZUL4,AZUL PN,Transporte,Transporte Aéreo,20.6,0.13158,74,178,252,0.58,13470800.0,0.03,-0.02,0.0,18.58,-13.43,-92.55,81.7,2025-08-23
CTKA3,KARSTEN ON,"Tecidos, Vestuário e Calçados",Fios e Tecidos,15.1,0.14749,116,142,258,33.0,362.0,1.73,5.77,0.0,19.13,-3.45,65.0,16.2,2025-08-23
RANI3,IRANI ON,Madeira e Papel,Papel e Celulose,14.8,0.14881,120,139,259,7.59,4864730.0,4.71,1.28,9.6,1.61,7.83,2.07,22.9,2025-08-23
EUCA3,EUCATEX ON,Madeira e Papel,Madeira,11.8,0.20921,185,77,262,19.0,23850.0,6.8,0.65,3.5,2.79,-1.61,18.19,8.5,2025-08-23
JBSS3,JBS ON NM,Alimentos Processados,Carnes e Derivados,14.6,0.14771,124,140,264,39.03,0.0,7.09,1.89,10.2,5.51,0.0,17.69,2.9,2025-08-23
MAGG3,MAGNESITA REFRATÁRIOS ON,,,14.1,0.15601,135,129,264,59.4,0.0,-119.98,1.32,0.0,-0.5,0.0,7.39,-0.6,2025-08-23
CTKA4,KARSTEN PN,"Tecidos, Vestuário e Calçados",Fios e Tecidos,15.1,0.14451,116,148,264,35.01,10550.0,1.83,6.12,0.0,19.13,2.31,89.24,16.2,2025-08-23
DEXP4,DEXXOS PAR PN,Químicos,Petroquímicos,13.0,0.17094,155,112,267,8.55,32422.0,5.66,0.92,6.3,1.51,-1.5,-3.02,7.6,2025-08-23
DEXP3,DEXXOS PAR ON,Químicos,Petroquímicos,13.0,0.17036,155,113,268,8.58,749929.0,5.68,0.92,6.1,1.51,-3.81,-5.02,7.6,2025-08-23
STBP3,SBPAR ON NM,Transporte,Serviços de Apoio e Armazenagem,30.5,0.10204,34,234,268,14.18,52830400.0,15.05,15.29,16.7,0.94,2.09,21.64,24.5,2025-08-23
BEEF3,Minerva ON NM,Alimentos Processados,Carnes e Derivados,13.4,0.1548,143,130,273,5.75,73697300.0,-6.75,4.01,0.0,-0.85,12.09,-10.04,-1.9,2025-08-23
UGPA3,ULTRAPAR PARTICIPAÇÕES SA ON,"Petróleo, Gás e Biocombustíveis","Exploração, Refino e Distribuição",13.7,0.15106,140,136,276,17.99,87137600.0,6.89,1.25,2.5,2.61,16.25,-20.56,2.2,2025-08-23
GMAT3,GRUPO MATEUS ON NM,Comércio e Distribuição,Alimentos,14.7,0.14124,122,154,276,6.94,29321900.0,11.03,1.53,3.1,0.63,-8.8,-9.48,4.2,2025-08-23
OFSA3,OUROFINO S/A ON NM,Medicamentos e Outros Produtos,Medicamentos e Outros Produtos,18.0,0.12837,93,183,276,22.22,115746.0,9.16,1.82,13.3,2.43,-0.8,15.27,12.1,2025-08-23
MTSA4,METISA PN,Máquinas e Equipamentos,Máq. e Equip. Construção e Agrícolas,11.3,0.19802,198,83,281,41.0,361184.0,8.41,0.77,6.7,4.88,-5.07,0.43,7.9,2025-08-23
GRND3,GRENDENE SA ON,"Tecidos, Vestuário e Calçados",Calçados,15.4,0.1321,109,175,284,5.3,13697100.0,5.9,1.19,8.8,0.9,6.85,-5.96,29.7,2025-08-23
POMO4,MARCOPOLO PN N2,Material de Transporte,Material Rodoviário,20.0,0.11587,78,207,285,9.23,70288900.0,8.69,2.51,6.2,1.06,11.88,43.47,13.6,2025-08-23
UNIP3,UNIPAR PARTICIPAÇÕES S.A. ON,Químicos,Químicos Diversos,16.8,0.12658,99,187,286,54.0,378284.0,7.68,2.17,14.8,7.03,16.6,30.08,14.0,2025-08-23
ARCE3,BELGO ON N1,,,22.0,0.11025,66,220,286,54.0,0.0,14.01,2.6,0.0,3.85,0.0,0.0,19.5,2025-08-23
MARI3,Marisa ON NM,Comércio,"Tecidos, Vestuário e Calçados",10.7,0.2045,209,78,287,2.93,0.0,3.04,0.76,0.0,0.96,0.0,0.0,11.4,2025-08-23
BLAU3,BLAU ON NM,Comércio e Distribuição,Medicamentos e Outros Produtos,13.0,0.15337,155,132,287,12.61,4087550.0,8.0,1.0,2.7,1.58,-0.24,-4.67,15.8,2025-08-23
NAFG3,NADIR FIGUEIREDO ON,,,19.9,0.11574,80,209,289,64.37,0.0,11.8,2.76,0.0,5.46,0.0,-9.34,9.3,2025-08-23
NAFG4,NADIR FIGUEIREDO PN,,,19.9,0.11561,80,211,291,64.42,0.0,11.81,2.76,0.0,5.46,0.0,-7.98,9.3,2025-08-23
ILLS4,LINHAS CIRCULO PN,,,8.1,1.36986,286,7,293,100.01,0.0,0.0,0.0,0.0,0.0,0.0,0.0,-10.2,2025-08-23
ABEV3,AMBEV S/A ON,Bebidas,Cervejas e Refrigerantes,19.4,0.11534,82,212,294,12.21,389746000.0,13.05,2.08,8.6,0.94,-8.07,2.13,16.6,2025-08-23
COGN3,COGNA ON,Diversos,Serviços Educacionais,10.2,0.20121,216,81,297,2.93,84981700.0,4.95,0.44,2.3,0.59,13.13,116.49,18.1,2025-08-23
GOAU3,METALÚRGICA GERDAU ON N1,Siderurgia e Metalurgia,Siderurgia,8.7,0.34843,262,36,298,9.13,317800.0,8.06,0.47,3.8,1.13,-1.17,-12.33,4.8,2025-08-23
GOAU4,METALÚRGICA GERDAU PN N1,Siderurgia e Metalurgia,Siderurgia,8.7,0.34602,262,38,300,9.21,54906700.0,8.13,0.47,3.8,1.13,-0.21,-10.47,4.8,2025-08-23
PTPA3,PETROPAR SA ON,,,13.3,0.14164,148,152,300,76.5,0.0,3.69,1.14,0.0,20.73,0.0,0.0,13.7,2025-08-23
TOTS3,TOTVS ON NM,Programas e Serviços,Programas e Serviços,31.8,0.08475,31,272,303,42.3,124045000.0,29.5,5.18,1.2,1.43,0.45,38.08,15.6,2025-08-23
PTPA4,PETROPAR SA PN,,,13.3,0.13831,148,158,306,80.0,0.0,3.86,1.19,0.0,20.73,0.0,0.0,13.7,2025-08-23
UNIP5,UNIPAR PARTICIPAÇÕES S.A. PNA,Químicos,Químicos Diversos,16.8,0.11587,99,207,306,59.86,11847.0,8.52,2.41,14.6,7.03,13.51,38.78,14.0,2025-08-23
DXTG4,DIXIE TOGA PN,,,12.3,0.15798,178,128,306,3.68,0.0,13.02,1.32,0.0,0.28,0.0,0.0,6.6,2025-08-23
VULC4,VULCABRAS S/A. PN,"Tecidos, Vestuário e Calçados",Calçados,18.8,0.11038,89,219,308,18.0,0.0,6.19,2.11,0.0,2.91,0.0,0.0,24.4,2025-08-23
TTEN3,3TENTOS ON NM,Agropecuária,Agricultura,15.3,0.11792,112,203,315,14.45,18261600.0,7.37,1.61,1.3,1.96,6.64,19.59,6.8,2025-08-23
BRTP3,BRASIL TELECOM PARTICIPAÇÕES S.A. ON N1,,,13.4,0.13245,143,172,315,35.71,0.0,-67.26,2.45,0.0,-0.53,0.0,0.0,-3.0,2025-08-23
UNIP6,UNIPAR PARTICIPAÇÕES S.A. PNB,Químicos,Químicos Diversos,16.8,0.11351,99,217,316,61.35,8285930.0,8.73,2.47,14.3,7.03,17.0,45.09,14.0,2025-08-23
ESTC4,YDUQS PART PN N2,Diversos,Serviços Educacionais,10.0,0.18904,225,92,317,0.0,0.0,0.0,0.0,0.0,0.0,0.0,0.0,5.5,2025-08-23
PEFX5,PETROFLEX INDÚSTRIA E COMÉRCIO S.A PNA,Químicos,Petroquímicos,11.8,0.15175,185,134,319,19.0,0.0,-52.04,1.68,0.0,-0.37,0.0,0.0,-0.9,2025-08-23
PEFX3,PETROFLEX INDÚSTRIA E COMÉRCIO S.A ON,Químicos,Petroquímicos,11.8,0.15175,185,134,319,19.0,0.0,-52.04,1.68,0.0,-0.37,0.0,0.0,-0.9,2025-08-23
TCOC4,TELE CENTRO OESTE CELULAR PARTICIP. S/A PN,,,14.0,0.12674,137,186,323,27.2,0.0,10.43,1.26,0.0,2.61,0.0,0.0,14.9,2025-08-23
WLMM4,WLM PN,Comércio,Material de Transporte,12.4,0.14347,174,150,324,21.19,36869.0,6.79,0.96,6.5,3.12,-5.82,-36.54,3.8,2025-08-23
SMLE3,SMILES ON NM,,,46.2,0.06127,9,315,324,92.82,0.0,18.88,21.91,0.0,4.92,0.0,0.0,35.1,2025-08-23
VULC3,VULCABRAS S/A. ON,"Tecidos, Vestuário e Calçados",Calçados,18.8,0.10091,89,237,326,19.74,13513000.0,6.79,2.31,7.6,2.91,6.8,20.3,24.4,2025-08-23
VIVA3,VIVARA S.A. ON NM,"Tecidos, Vestuário e Calçados",Acessórios,18.0,0.10204,93,234,327,28.09,79046800.0,9.86,2.4,2.4,2.85,9.3,8.74,24.2,2025-08-23
MGEL4,MANGELS PN N1,Siderurgia e Metalurgia,Artefatos de Ferro e Aço,12.5,0.13812,168,159,327,4.86,16063.0,4.56,1.35,0.0,1.07,20.9,-57.55,0.6,2025-08-23
PGMN3,PAGUE MENOS ON NM,Comércio e Distribuição,Medicamentos e Outros Produtos,10.1,0.18083,222,105,327,3.7,3431810.0,14.17,0.83,6.2,0.26,7.56,14.85,1.2,2025-08-23
CGRA4,GRAZZIOTIN PN,Comércio,"Tecidos, Vestuário e Calçados",8.6,0.24213,269,58,327,26.1,281100.0,4.56,0.57,12.4,5.72,-5.09,11.56,15.8,2025-08-23
CGRA3,GRAZZIOTIN ON,Comércio,"Tecidos, Vestuário e Calçados",8.6,0.24038,269,60,329,26.24,44293.0,4.58,0.57,12.3,5.72,-9.49,12.77,15.8,2025-08-23
RAIL3,RUMO S.A. ON NM,Transporte,Transporte Ferroviário,13.0,0.13175,155,176,331,15.07,175680000.0,43.43,2.09,5.4,0.35,-9.27,-33.08,4.8,2025-08-23
PATI4,PANATLANTICA PN,Siderurgia e Metalurgia,Artefatos de Ferro e Aço,13.4,0.12594,143,190,333,37.43,1724.0,11.1,1.16,22.1,3.37,18.79,34.28,3.7,2025-08-23
CIQU4,CACIQUE PN,,,12.7,0.13333,166,169,335,12.49,0.0,6.63,1.05,0.0,1.88,0.0,0.0,6.2,2025-08-23
CIQU3,CACIQUE ON,,,12.7,0.13333,166,169,335,12.49,0.0,6.63,1.05,0.0,1.88,0.0,0.0,6.2,2025-08-23
TFCO4,TRACK FIELD PN,"Tecidos, Vestuário e Calçados",Vestuário,26.1,0.07424,44,291,335,15.86,7563500.0,18.15,4.76,1.5,0.87,12.56,31.37,14.4,2025-08-23
UGPA4,ULTRAPAR PARTICIPAÇÕES SA PN,"Petróleo, Gás e Biocombustíveis","Exploração, Refino e Distribuição",13.7,0.11723,140,205,345,27.1,0.0,10.38,1.88,0.0,2.61,0.0,0.0,2.2,2025-08-23
WLMM3,WLM ON,Comércio,Material de Transporte,12.4,0.13228,174,174,348,23.8,771.0,7.63,1.08,5.3,3.12,-0.83,-7.79,3.8,2025-08-23
MYPK3,IOCHPE-MAXION ON,Automóveis e Motocicletas,Automóveis e Motocicletas,9.6,0.17391,239,109,348,13.44,11675900.0,7.51,0.48,4.3,1.79,-1.97,21.02,2.3,2025-08-23
PFRM3,PROFARMA ON NM,Comércio e Distribuição,Medicamentos e Outros Produtos,9.4,0.17668,243,108,351,7.74,1494060.0,8.12,0.72,7.4,0.95,-2.03,30.08,1.1,2025-08-23
CRUZ3,SOUZA CRUZ ON,,,46.8,0.04819,8,350,358,27.59,0.0,25.31,22.46,0.0,1.09,0.0,0.0,26.1,2025-08-23
WEGE3,WEG SA ON N1,Máquinas e Equipamentos,"Motores, Compressores e Outros",28.6,0.05804,38,323,361,37.5,399217000.0,24.55,7.08,2.1,1.53,-10.23,-28.64,16.5,2025-08-23
KROT4,COGNA PN N2,Diversos,Serviços Educacionais,10.2,0.14641,216,145,361,5.12,0.0,8.65,0.76,0.0,0.59,0.0,0.0,18.1,2025-08-23
NTCO3,GRUPO NATURA ON NM,Produtos de Uso Pessoal e de Limpeza,Produtos de Uso Pessoal,10.1,0.14706,222,144,366,10.8,11937500.0,-2.09,0.99,0.0,-5.16,0.0,-21.68,-33.0,2025-08-23
GUAR3,GUARARAPES CONFECÇÕES ON,Comércio,"Tecidos, Vestuário e Calçados",8.5,0.18868,274,95,369,8.53,6628650.0,10.34,0.77,1.4,0.82,13.78,-2.6,4.0,2025-08-23
PATI3,PANATLANTICA ON,Siderurgia e Metalurgia,Artefatos de Ferro e Aço,13.4,0.10493,143,227,370,44.99,9100.0,13.35,1.39,16.0,3.37,12.48,60.29,3.7,2025-08-23
PORT3,WILSON SONS ON NM,Transporte,Serviços de Apoio e Armazenagem,16.0,0.08953,104,266,370,17.99,17532000.0,11.48,3.06,6.1,1.57,2.45,13.63,22.4,2025-08-23
INTB3,INTELBRAS ON NM,Computadores e Equipamentos,Computadores e Equipamentos,12.8,0.11641,165,206,371,12.07,30292000.0,8.69,1.29,4.0,1.39,-17.47,-45.51,9.7,2025-08-23
AUTM3,AUTOMETAL ON NM,Material de Transporte,Material Rodoviário,11.9,0.12165,182,192,374,19.7,0.0,20.0,1.9,0.0,0.98,0.0,0.0,4.3,2025-08-23
AMBV4,AMBEV PN,,,32.4,0.04912,29,345,374,86.8,0.0,26.59,8.74,0.0,3.26,0.0,0.0,30.8,2025-08-23
AMBV3,AMBEV ON,,,32.4,0.049,29,346,375,87.0,0.0,26.65,8.76,0.0,3.26,0.0,0.0,30.8,2025-08-23
ARML3,ARMAC ON NM,Diversos,Aluguel de carros,11.7,0.12887,193,182,375,4.05,7431220.0,19.13,1.14,5.6,0.21,7.09,-52.94,4.2,2025-08-23
TNCP4,AMAZÔNIA CELULAR PN,,,16.5,0.08418,102,273,375,182.6,0.0,14.42,2.49,0.0,12.67,0.0,0.0,21.4,2025-08-23
SUZB6,Suzano Papel PNB,Madeira e Papel,Papel e Celulose,10.0,0.14164,225,152,377,17.88,0.0,2.89,0.52,0.0,6.19,0.0,0.0,15.3,2025-08-23
BHIA3,CASAS BAHIA ON,Comércio,Eletrodomésticos,8.2,0.18868,282,95,377,3.02,14456900.0,-1.11,1.28,0.0,-2.73,2.37,-51.13,-6.3,2025-08-23
TNCP3,AMAZÔNIA CELULAR ON,,,16.5,0.08313,102,276,378,184.85,0.0,14.59,2.52,0.0,12.67,0.0,0.0,21.4,2025-08-23
KROT11,COGNA UNT N2,Diversos,Serviços Educacionais,10.2,0.13624,216,163,379,40.0,0.0,9.66,0.85,0.0,4.14,0.0,0.0,18.1,2025-08-23
MMXM3,MMX MINER ON NM,Mineração,Minerais Metálicos,25.9,0.05365,45,334,379,14.0,0.0,-2.17,-0.11,0.0,-6.46,0.0,-19.4,0.0,2025-08-23
MGEL3,MANGELS ON,Siderurgia e Metalurgia,Artefatos de Ferro e Aço,12.5,0.11481,168,215,383,25.0,0.0,23.45,6.95,0.0,1.07,0.0,0.0,0.6,2025-08-23
GGBR3,GERDAU S.A. ON N1,Siderurgia e Metalurgia,Siderurgia,8.8,0.16234,258,125,383,14.86,377715.0,9.15,0.54,4.4,1.62,-0.72,-5.19,4.8,2025-08-23
BMOB3,BEMOBI TECH ON NM,Programas e Serviços,Programas e Serviços,12.9,0.10684,163,223,386,19.68,7814460.0,13.38,1.49,6.8,1.47,-6.75,30.88,8.1,2025-08-23
MAGS3,MAGNESITA S/A ON,,,18.7,0.07047,91,295,386,62.45,0.0,24.49,3.13,0.0,2.55,0.0,0.0,8.9,2025-08-23
MGLU3,MAGAZ LUIZA ON NM,Comércio,Eletrodomésticos,7.1,0.19646,300,87,387,6.9,170001000.0,13.22,0.46,4.4,0.52,-9.21,-48.68,1.0,2025-08-23
SUZB5,Suzano Papel PNA,Madeira e Papel,Papel e Celulose,10.0,0.13569,225,164,389,21.13,0.0,3.42,0.62,0.0,6.19,0.0,0.0,15.3,2025-08-23
PRGA4,BRF Foods PN N1,Alimentos Processados,Carnes e Derivados,22.0,0.05612,66,325,391,75.0,0.0,35.19,7.49,0.0,2.13,0.0,0.0,6.1,2025-08-23
RENT3,LOCALIZA RENT A CAR ON,Diversos,Aluguel de carros,12.3,0.11507,178,214,392,34.62,314327000.0,16.12,1.47,5.1,2.15,-3.35,-17.46,5.9,2025-08-23
AGRO3,BRASILAGRO ON NM,Agropecuária,Agricultura,11.1,0.12019,199,196,395,20.65,2843170.0,6.85,0.98,7.5,3.01,1.47,-15.75,22.8,2025-08-23
GGBR4,GERDAU S.A. PN N1,Siderurgia e Metalurgia,Siderurgia,8.8,0.1506,258,137,395,16.36,146731000.0,10.08,0.6,4.0,1.62,-0.85,-7.93,4.8,2025-08-23
BAUH4,EXCELSIOR PN,Alimentos Processados,Carnes e Derivados,22.4,0.0542,65,330,395,86.97,49063.0,16.1,3.34,1.4,5.4,5.44,11.99,10.7,2025-08-23
SLCE3,SLC Agricola ON NM,Agropecuária,Agricultura,10.8,0.12626,208,188,396,17.19,37895900.0,12.95,1.47,3.2,1.33,-4.98,-1.78,6.6,2025-08-23
DURA4,DURATEX PN,Madeira e Papel,Madeira,14.4,0.08718,126,270,396,31.39,0.0,16.35,2.22,0.0,1.92,0.0,0.0,13.4,2025-08-23
DURA3,DURATEX ON,Madeira e Papel,Madeira,14.4,0.08591,126,271,397,31.9,0.0,16.62,2.26,0.0,1.92,0.0,0.0,13.4,2025-08-23
POSI3,POSITIVO TEC ON NM,Computadores e Equipamentos,Computadores e Equipamentos,7.4,0.18349,298,101,399,4.31,3464510.0,-784.54,0.38,6.4,-0.01,1.89,-36.02,0.2,2025-08-23
TUPY3,TUPY ON,Material de Transporte,Material Rodoviário,8.9,0.14599,254,146,400,14.33,9582220.0,-50.88,0.6,10.6,-0.28,-14.24,-45.85,-0.4,2025-08-23
VVAR4,CASAS BAHIA PN,Comércio,Eletrodomésticos,8.2,0.16949,282,119,401,4.84,0.0,-1.77,2.06,0.0,-2.73,0.0,0.0,-6.3,2025-08-23
VVAR11,CASAS BAHIA UNT N2,Comércio,Eletrodomésticos,8.2,0.1692,282,121,403,14.58,0.0,-1.78,2.06,0.0,-8.19,0.0,0.0,-6.3,2025-08-23
JSLG3,JULIO SIMOES ON NM,Transporte,Transporte Rodoviário,10.0,0.12903,225,181,406,5.41,2522830.0,12.93,0.85,7.8,0.42,3.05,-40.41,1.3,2025-08-23
ESTC11,YDUQS PART UNT N2,Diversos,Serviços Educacionais,10.0,0.12804,225,184,409,23.5,0.0,7.19,0.71,0.0,3.27,0.0,0.0,5.5,2025-08-23
CASH3,MELIUZ ON NM,Programas e Serviços,Programas e Serviços,10.6,0.11891,211,199,410,5.1,19506500.0,11.8,1.09,38.2,0.43,-20.81,29.17,12.2,2025-08-23
SEBB11,SEB - SISTEMA EDUCACIONAL BRASILEIRO S/A UNT N2,Diversos,Serviços Educacionais,24.1,0.04214,54,357,411,23.27,0.0,28.01,6.44,0.0,0.83,0.0,0.0,7.4,2025-08-23
HETA4,HERCULES S/A PN,Utilidades Domésticas,Utensílios Domésticos,35.8,0.01247,18,393,411,4.9,114.0,2.18,-0.01,0.0,2.25,-10.91,-5.95,26.2,2025-08-23
MNDL4,MUNDIAL S/A PN,"Tecidos, Vestuário e Calçados",Acessórios,6.7,0.17857,306,107,413,0.38,0.0,-0.47,0.03,0.0,-0.81,0.0,0.0,-0.8,2025-08-23
SULT4,CONSTRUTORA SULTEPA S/A PN,,,0.6,1.1236,404,10,414,0.43,0.0,0.04,0.01,0.0,9.63,0.0,0.0,58.1,2025-08-23
HETA3,HERCULES S/A ON,Utilidades Domésticas,Utensílios Domésticos,35.8,0.01092,18,396,414,96.0,0.0,42.72,-0.14,0.0,2.25,0.0,0.0,26.2,2025-08-23
RAIA3,RAIA ON NM,Comércio e Distribuição,Medicamentos e Outros Produtos,17.8,0.05977,95,320,415,30.5,0.0,41.22,2.98,0.0,0.74,0.0,0.0,2.2,2025-08-23
SULT3,CONSTRUTORA SULTEPA S/A ON,,,0.6,0.98039,404,11,415,0.56,0.0,0.06,0.01,0.0,9.63,0.0,0.0,58.1,2025-08-23
TCOC3,TELE CENTRO OESTE CELULAR PARTICIP. S/A ON,,,14.0,0.08177,137,279,416,38.85,0.0,14.9,1.8,0.0,2.61,0.0,0.0,14.9,2025-08-23
RAPT3,RANDON S.A. IMPLEMENTOS E PARTICIPAÇÕES ON N1,Material de Transporte,Material Rodoviário,8.8,0.13643,258,162,420,6.39,169963.0,10.68,0.69,4.0,0.6,-10.0,-26.68,3.4,2025-08-23
TVIT3,TIVIT ON NM,Programas e Serviços,Programas e Serviços,17.6,0.05834,98,322,420,19.3,0.0,23.46,5.45,0.0,0.82,0.0,0.0,7.3,2025-08-23
PMET6,PRO METALURG PNB,,,39.0,0.00226,14,406,420,0.2,0.0,-1.21,-0.05,0.0,-0.16,0.0,0.0,-114.5,2025-08-23
BCAL6,PRO METALURG PNB,,,39.0,0.00221,14,407,421,0.28,0.0,-1.7,-0.07,0.0,-0.16,0.0,0.0,-114.5,2025-08-23
CNFB4,CONFAB PN N1,Siderurgia e Metalurgia,Artefatos de Ferro e Aço,12.0,0.0995,181,240,421,5.99,0.0,9.01,1.57,0.0,0.66,0.0,0.0,16.8,2025-08-23
FRAS3,FRAS-LE S.A. ON,Material de Transporte,Material Rodoviário,13.3,0.08389,148,274,422,22.89,14938800.0,19.08,2.94,2.6,1.2,-3.66,26.86,7.1,2025-08-23
AMAR3,LOJAS MARISA ON NM,Comércio,"Tecidos, Vestuário e Calçados",9.7,0.12706,237,185,422,1.2,226736.0,-10.11,2.13,0.0,-0.12,-8.4,1.69,-4.0,2025-08-23
PMET5,PRO METALURG PNA,,,39.0,0.00198,14,408,422,0.65,0.0,-3.95,-0.16,0.0,-0.16,0.0,0.0,-114.5,2025-08-23
CSAN3,COSAN SA INDUSTRIA E COMERCIO ON,"Petróleo, Gás e Biocombustíveis","Exploração, Refino e Distribuição",8.4,0.14409,276,149,425,5.46,115844000.0,-0.87,1.42,0.0,-6.29,-6.35,-60.8,-22.9,2025-08-23
RAPT4,RANDON S.A. IMPLEMENTOS E PARTICIPAÇÕES PN N1,Material de Transporte,Material Rodoviário,8.8,0.13441,258,168,426,6.83,25083900.0,11.41,0.74,3.8,0.6,-7.2,-37.76,3.4,2025-08-23
REPA3,ELECTROLUX ON,,,4.0,0.22026,361,66,427,1.0,0.0,0.0,0.0,0.0,0.0,0.0,0.0,1.2,2025-08-23
REPA4,ELECTROLUX PN,,,4.0,0.22026,361,66,427,1.08,0.0,0.0,0.0,0.0,0.0,0.0,0.0,1.2,2025-08-23
TDBH3,TELEFÔNICA EMPRESAS S.A ON,,,10.5,0.11223,213,218,431,0.56,0.0,-15.81,1.08,0.0,-0.04,0.0,0.0,-4.9,2025-08-23
PRNR3,PRINER ON NM,Serviços Diversos,Serviços Diversos,11.0,0.10406,203,228,431,15.38,5152640.0,65.41,2.11,0.3,0.24,2.53,8.79,2.3,2025-08-23
VINE3,VICUNHA TEXTIL SA ON,"Tecidos, Vestuário e Calçados",Fios e Tecidos,8.6,0.13514,269,167,436,17.2,0.0,4.04,0.65,0.0,4.26,0.0,0.0,14.4,2025-08-23
LUXM4,TREVISA INVESTIMENTOS SA PN,Transporte,Transporte Hidroviário,9.1,0.12255,246,191,437,3.66,11029.0,4.08,0.95,3.2,0.9,-10.73,-46.66,25.9,2025-08-23
FBRA4,FERTIBRÁS S/A PN,,,11.9,0.09416,182,256,438,34.58,0.0,-39.57,1.66,0.0,-0.87,0.0,0.0,-1.2,2025-08-23
MYPK4,IOCHPE-MAXION PN,Automóveis e Motocicletas,Automóveis e Motocicletas,9.6,0.1182,239,201,440,31.79,0.0,17.75,1.13,0.0,1.79,0.0,0.0,2.3,2025-08-23
VINE5,VICUNHA TEXTIL SA PNA,"Tecidos, Vestuário e Calçados",Fios e Tecidos,8.6,0.13298,269,171,440,17.64,0.0,4.14,0.67,0.0,4.26,0.0,0.0,14.4,2025-08-23
PNOR6,PRONOR PNB,Químicos,Petroquímicos,3.6,0.21882,369,71,440,1.87,0.0,-2.9,0.55,0.0,-0.65,0.0,0.0,-11.7,2025-08-23
PNOR5,PRONOR PNA,Químicos,Petroquímicos,3.6,0.21882,369,71,440,1.87,0.0,-2.9,0.55,0.0,-0.65,0.0,0.0,-11.7,2025-08-23
RADL3,RAIADROGASIL ON,Comércio e Distribuição,Medicamentos e Outros Produtos,14.1,0.06716,135,305,440,18.67,182195000.0,26.22,4.81,2.2,0.71,33.26,-32.86,3.0,2025-08-23
RHDS3,M G POLIEST ON,Químicos,Petroquímicos,11.8,0.09346,185,258,443,0.11,0.0,39.98,3.24,0.0,0.0,0.0,0.0,1.2,2025-08-23
ESPA3,ESPACOLASER ON NM,Comércio,Produtos Diversos,7.4,0.14493,298,147,445,1.11,387159.0,41.72,0.46,0.1,0.03,2.78,5.93,0.9,2025-08-23
GGPS3,GPS ON NM,Serviços Diversos,Serviços Diversos,11.7,0.09515,193,254,447,16.85,42951800.0,17.57,3.05,1.9,0.96,12.56,-1.61,4.0,2025-08-23
ELMD3,ELETROMIDIA ON NM,Mídia,Publicidade e Propaganda,13.8,0.06262,139,310,449,31.0,0.0,39.74,4.53,0.6,0.78,0.0,70.87,11.4,2025-08-23
SMLS3,SMILES ON NM,Diversos,Programas de Fidelização,10.7,0.09872,209,241,450,22.4,0.0,10.78,4.09,0.0,2.08,0.0,3.13,39.1,2025-08-23
YDUQ3,YDUQS PART ON,Diversos,Serviços Educacionais,10.0,0.10582,225,226,451,12.9,52144800.0,11.84,1.16,4.4,1.09,-1.75,32.25,5.5,2025-08-23
DOTZ3,DOTZ SA ON NM,Diversos,Programas de Fidelização,11.0,0.09671,203,249,452,7.35,91682.0,126.84,-0.4,0.0,0.06,44.12,-16.48,0.4,2025-08-23
ILMD3,YARA BRASIL FERTILIZANTES S.A. ON,Químicos,Fertilizantes e Defensivos,12.5,0.07616,168,288,456,29.0,0.0,15.73,2.63,0.0,1.84,0.0,0.0,4.9,2025-08-23
CRTP5,CELULAR CRT PARTICIPAÇÕES S/A PNA,,,12.4,0.08013,174,283,457,62.1,0.0,15.98,1.71,0.0,3.89,0.0,0.0,10.9,2025-08-23
TDBH4,TELEFÔNICA EMPRESAS S.A PN,,,10.5,0.09775,213,244,457,0.66,0.0,-18.63,1.28,0.0,-0.04,0.0,0.0,-4.9,2025-08-23
CSNA3,CSN ON,Siderurgia e Metalurgia,Siderurgia,7.6,0.13569,294,164,458,7.16,68033500.0,-4.2,0.68,7.7,-1.7,-10.39,-39.0,-3.8,2025-08-23
KLBN4,KLABIN PN N2,Madeira e Papel,Papel e Celulose,10.2,0.09785,216,243,459,3.65,7289740.0,10.79,2.21,6.0,0.34,-0.28,-13.01,11.3,2025-08-23
VGOR3,VIGOR ON,,,6.0,0.14771,320,140,460,0.0,0.0,0.0,0.0,0.0,0.0,0.0,0.0,-4.6,2025-08-23
ILMD4,YARA BRASIL FERTILIZANTES S.A. PN,Químicos,Fertilizantes e Defensivos,12.5,0.07342,168,292,460,30.0,0.0,16.28,2.72,0.0,1.84,0.0,0.0,4.9,2025-08-23
KLBN11,KLABIN UNT N2,Madeira e Papel,Papel e Celulose,10.2,0.09756,216,245,461,18.38,82163600.0,10.87,2.23,5.9,1.69,-0.65,-12.82,11.3,2025-08-23
KLBN3,KLABIN ON N2,Madeira e Papel,Papel e Celulose,10.2,0.09718,216,247,463,3.71,1311360.0,10.97,2.25,5.9,0.34,-2.11,-13.06,11.3,2025-08-23
TKNO4,TEKNO PN,Siderurgia e Metalurgia,Artefatos de Ferro e Aço,11.9,0.07728,182,286,468,180.0,64733.0,12.52,1.62,3.9,14.38,125.0,132.34,14.0,2025-08-23
CRFB3,CARREFOUR BR ON NM,Comércio e Distribuição,Alimentos,6.6,0.13812,309,159,468,8.48,0.0,8.92,0.84,1.1,0.95,0.0,-6.0,1.9,2025-08-23
SBFG3,GRUPO SBF ON,Comércio,Produtos Diversos,8.4,0.12107,276,193,469,10.48,21186500.0,6.69,0.88,5.2,1.57,-10.66,-37.21,5.2,2025-08-23
SHUL4,SCHULZ PN,Máquinas e Equipamentos,"Motores, Compressores e Outros",9.7,0.10235,237,232,469,4.89,2286640.0,6.47,1.15,7.9,0.76,-4.49,-22.87,13.4,2025-08-23
CREM3,CREMER S.A. ON,Medicamentos e Outros Produtos,Medicamentos e Outros Produtos,11.4,0.08306,196,277,473,14.5,0.0,32.69,2.45,0.0,0.44,0.0,0.0,2.1,2025-08-23
OPCT3,OCEANPACT ON NM,"Petróleo, Gás e Biocombustíveis",Equipamentos e Serviços,10.1,0.09497,222,255,477,6.64,3076070.0,-153.87,1.45,0.0,-0.04,4.9,3.11,-0.5,2025-08-23
SUZB3,Suzano Papel ON,Madeira e Papel,Papel e Celulose,10.0,0.09551,225,253,478,53.76,235051000.0,8.69,1.58,3.8,6.19,5.41,-2.16,15.3,2025-08-23
MNDL3,MUNDIAL S/A ON,"Tecidos, Vestuário e Calçados",Acessórios,6.7,0.13245,306,172,478,17.99,16675.0,-22.31,1.19,0.0,-0.81,-3.28,33.26,-0.8,2025-08-23
ELUM3,ELUMA ON,,,9.4,0.0998,243,238,481,36.0,0.0,11.12,1.5,0.0,3.24,0.0,0.0,8.5,2025-08-23
SUBA3,ON,,,19.1,0.00942,84,398,482,84.0,0.0,61.95,8.39,0.0,1.36,0.0,0.0,13.0,2025-08-23
NETC3,NET SERVIÇOS DE COMUNICAÇÃO S.A. ON,,,10.9,0.0823,205,278,483,38.5,0.0,123.1,2.12,0.0,0.31,0.0,0.0,1.6,2025-08-23
USIM5,USIMINAS PNA N1,Siderurgia e Metalurgia,Siderurgia,3.4,0.17036,372,113,485,4.16,63121000.0,13.86,0.21,0.0,0.3,3.74,-37.35,2.0,2025-08-23
NETC4,NET SERVIÇOS DE COMUNICAÇÃO S.A. PN,,,10.9,0.07955,205,284,489,40.0,0.0,127.89,2.2,0.0,0.31,0.0,0.0,1.6,2025-08-23
LATM11,LATAM AIRLN DR3 ED,Transporte,Transporte Aéreo,6.5,0.1292,310,180,490,28.65,0.0,-0.68,0.02,0.0,-41.89,0.0,0.0,-0.4,2025-08-23
USIM3,USIMINAS ON N1,Siderurgia e Metalurgia,Siderurgia,3.4,0.16447,372,123,495,4.34,2155490.0,14.46,0.22,0.0,0.3,5.85,-33.23,2.0,2025-08-23
MDIA3,M.DIASBRANCO ON NM,Alimentos Processados,Alimentos Diversos,9.6,0.09355,239,257,496,29.09,18206600.0,16.8,1.21,2.0,1.73,18.79,6.7,6.0,2025-08-23
VITT3,VITTIA ON NM,Químicos,Fertilizantes e Defensivos,9.9,0.08977,235,264,499,5.05,958527.0,11.25,1.26,6.1,0.45,2.02,-14.09,8.4,2025-08-23
SMFT3,SMART FIT ON NM,Viagens e Lazer,Atividades Esportivas,9.9,0.08842,235,268,503,23.29,91801300.0,26.22,2.47,2.4,0.89,8.17,3.06,8.3,2025-08-23
CRTP3,CELULAR CRT PARTICIPAÇÕES S/A ON,,,12.4,0.05549,174,329,503,86.5,0.0,22.26,2.38,0.0,3.89,0.0,0.0,10.9,2025-08-23
ALLD3,ALLIED ON NM,Comércio,Eletrodomésticos,6.0,0.12626,320,188,508,7.77,832732.0,6.59,0.49,26.1,1.18,21.08,24.03,2.1,2025-08-23
SOMA3,GRUPO SOMA ON NM,Comércio,"Tecidos, Vestuário e Calçados",7.8,0.10823,291,222,513,5.94,0.0,-2.81,0.8,0.0,-2.11,0.0,-14.66,-30.8,2025-08-23
EBTP4,EMBRATEL PARTICIPAÇÕES SA PN,,,6.0,0.12005,320,197,517,10.0,0.0,-42.66,1.14,0.0,-0.23,0.0,0.0,-1.0,2025-08-23
EBTP3,EMBRATEL PARTICIPAÇÕES SA ON,,,6.0,0.1182,320,201,521,10.21,0.0,-43.56,1.17,0.0,-0.23,0.0,0.0,-1.0,2025-08-23
TMAR6,TELEMAR PNB,,,5.8,0.12063,328,195,523,42.01,0.0,112.59,0.71,0.0,0.37,0.0,0.0,-0.4,2025-08-23
TMGC12,TELEMIG CELULAR PNF,,,8.7,0.09141,262,263,525,550.0,0.0,8.71,1.12,0.0,63.11,0.0,0.0,9.2,2025-08-23
TMAR5,TELEMAR PNA,,,5.8,0.11976,328,198,526,42.67,0.0,114.35,0.72,0.0,0.37,0.0,0.0,-0.4,2025-08-23
TSEP4,TELE SUDESTE CELULAR PART SA PN,,,9.1,0.08137,246,281,527,29.01,0.0,23.97,1.3,0.0,1.21,0.0,0.0,5.3,2025-08-23
UOLL4,UOL PN,Programas e Serviços,Programas e Serviços,10.6,0.06064,211,316,527,19.62,0.0,43.52,2.35,0.0,0.45,0.0,0.0,4.7,2025-08-23
AMOB3,AUTOMOB ON NM,Automóveis e Motocicletas,Automóveis e Motocicletas,5.8,0.11848,328,200,528,11.1,835531.0,-3.61,0.19,0.0,-3.08,2.78,-52.77,-0.7,2025-08-23
AZZA3,AZZAS 2154 ON,Comércio,"Tecidos, Vestuário e Calçados",7.1,0.10373,300,230,530,33.1,83093500.0,8.6,0.82,1.7,3.85,-6.84,-35.13,6.9,2025-08-23
CAML3,CAMIL ON NM,Alimentos Processados,Alimentos Diversos,6.8,0.10373,304,230,534,4.43,5786080.0,7.58,0.44,6.6,0.58,-9.59,-50.16,1.7,2025-08-23
EBCO4,EMBRACO PN,,,5.0,0.12107,343,193,536,1.0,0.0,11.46,0.8,0.0,0.09,0.0,0.0,2.9,2025-08-23
ALPA3,ALPARGATAS ON N1,"Tecidos, Vestuário e Calçados",Calçados,9.1,0.07553,246,290,536,8.8,40033.0,23.13,1.45,1.1,0.38,15.79,17.39,5.9,2025-08-23
NUTR3,NUTRIPLANT ON,Químicos,Fertilizantes e Defensivos,5.7,0.11792,335,203,538,2.73,12851.0,6.36,0.84,0.0,0.43,-10.78,-43.71,2.5,2025-08-23
PETZ3,PETZ ON NM,Comércio,Produtos Diversos,6.4,0.10384,313,229,542,3.98,26802500.0,-113.89,1.09,7.2,-0.03,-0.75,-17.81,-0.5,2025-08-23
BRAV3,BRAVA ON,"Petróleo, Gás e Biocombustíveis","Exploração, Refino e Distribuição",6.1,0.1065,318,224,542,19.3,148238000.0,5.71,0.73,0.0,3.38,4.55,-30.07,15.4,2025-08-23
ALPA4,ALPARGATAS PN N1,"Tecidos, Vestuário e Calçados",Calçados,9.1,0.07022,246,298,544,9.45,12799000.0,24.84,1.56,1.1,0.38,10.4,16.39,5.9,2025-08-23
MRFG3,Marfrig ON NM,Alimentos Processados,Carnes e Derivados,6.7,0.0996,306,239,545,22.7,140187000.0,6.88,6.87,13.2,3.3,-0.57,78.5,2.4,2025-08-23
TUPY4,TUPY PN,Material de Transporte,Material Rodoviário,8.9,0.07321,254,293,547,48.21,0.0,-171.19,2.02,0.0,-0.28,0.0,0.0,-0.4,2025-08-23
VBBR3,VIBRA ON,"Petróleo, Gás e Biocombustíveis","Exploração, Refino e Distribuição",8.0,0.09294,289,259,548,21.6,228330000.0,4.3,1.16,6.1,5.03,6.67,-11.76,3.1,2025-08-23
PRIO3,PETRORIO ON,"Petróleo, Gás e Biocombustíveis","Exploração, Refino e Distribuição",8.6,0.08143,269,280,549,38.05,340171000.0,3.22,1.3,0.0,11.81,-11.02,-18.78,73.9,2025-08-23
ELUM4,ELUMA PN,,,9.4,0.06711,243,307,550,47.9,0.0,14.79,1.99,0.0,3.24,0.0,0.0,8.5,2025-08-23
PCAR5,PÃO DE AÇÚCAR PNA N1,Comércio e Distribuição,Alimentos,11.1,0.04355,199,354,553,67.12,0.0,-18.29,12.89,0.0,-3.67,0.0,0.0,-9.4,2025-08-23
FESA4,FERBASA PN,Siderurgia e Metalurgia,Siderurgia,5.5,0.11442,337,216,553,6.26,3581050.0,8.11,0.66,8.0,0.77,-7.26,-22.91,11.4,2025-08-23
PRVI3,Providencia ON NM,,,6.1,0.10132,318,236,554,10.54,0.0,-11.74,1.61,0.0,-0.9,0.0,0.0,-7.8,2025-08-23
VIGR3,VIGOR FOOD ON NM,,,9.1,0.06579,246,308,554,25.0,0.0,36.57,2.55,0.0,0.68,0.0,0.0,2.3,2025-08-23
EBCO3,EMBRACO ON,,,5.0,0.11521,343,213,556,1.05,0.0,12.03,0.84,0.0,0.09,0.0,0.0,2.9,2025-08-23
PCAR4,PÃO DE AÇÚCAR PN N1,Comércio e Distribuição,Alimentos,11.1,0.04075,199,360,559,72.11,0.0,-19.65,13.85,0.0,-3.67,0.0,0.0,-9.4,2025-08-23
DMVF3,D1000VFARMA ON NM,Comércio e Distribuição,Medicamentos e Outros Produtos,2.1,0.13532,395,166,561,4.52,264390.0,11.77,0.25,0.0,0.38,-1.95,-40.29,0.8,2025-08-23
ODER4,CONSERVAS ODERICH SA PN,Alimentos Processados,Alimentos Diversos,9.1,0.06046,246,319,565,100.0,0.0,25.17,2.02,0.9,3.97,0.0,0.0,5.7,2025-08-23
TMAR3,TELEMAR ON,,,5.8,0.09794,328,242,570,62.0,0.0,166.16,1.04,0.0,0.37,0.0,0.0,-0.4,2025-08-23
TNLP4,TELEMAR PN,,,4.6,0.11025,350,220,570,20.36,0.0,25.96,0.71,0.0,0.78,0.0,0.0,-0.1,2025-08-23
EMBR3,EMBRAER ON,Material de Transporte,Material Aeronáutico e de Defesa,8.4,0.07047,276,295,571,77.6,552313000.0,26.87,3.16,0.1,2.89,13.92,72.5,5.3,2025-08-23
TSEP3,TELE SUDESTE CELULAR PART SA ON,,,9.1,0.05583,246,326,572,40.0,0.0,33.05,1.79,0.0,1.21,0.0,0.0,5.3,2025-08-23
RHDS4,M G POLIEST PN,Químicos,Petroquímicos,11.8,0.01402,185,391,576,1.0,0.0,363.45,29.5,0.0,0.0,0.0,0.0,1.2,2025-08-23
GVTT3,GVT HOLDING ON NM,,,10.3,0.03752,215,362,577,57.7,0.0,57.38,3.68,0.0,1.01,0.0,0.0,7.5,2025-08-23
LAME4,LOJAS AMERICANAS S.A. PN,Comércio,Produtos Diversos,6.5,0.08897,310,267,577,6.55,0.0,20.99,1.89,0.0,0.31,0.0,-14.04,2.5,2025-08-23
LAME3,LOJAS AMERICANAS S.A. ON,Comércio,Produtos Diversos,6.5,0.08834,310,269,579,6.62,0.0,21.22,1.91,0.0,0.31,0.0,-7.67,2.5,2025-08-23
PNVL3,PANVEL FARMÁCIAS ON,Comércio e Distribuição,Medicamentos e Outros Produtos,7.7,0.07698,292,287,579,9.99,3175980.0,12.8,1.22,3.6,0.78,8.12,-4.42,2.3,2025-08-23
TMGC7,TELEMIG CELULAR PNC,,,8.7,0.06053,262,318,580,800.01,0.0,12.68,1.63,0.0,63.11,0.0,0.0,9.2,2025-08-23
GLOB4,CASAS BAHIA PN,Comércio,Eletrodomésticos,8.2,0.06964,282,299,581,30.49,0.0,-11.18,12.95,0.0,-2.73,0.0,0.0,-6.3,2025-08-23
LOGN3,Log-In ON NM,Transporte,Transporte Hidroviário,8.1,0.07037,286,297,583,24.99,398639.0,29.97,2.56,0.0,0.83,-3.59,-35.09,3.1,2025-08-23
CVCB3,CVC BRASIL ON NM,Viagens e Lazer,Viagens e Turismo,4.5,0.10225,354,233,587,2.04,23683400.0,-10.65,2.29,0.0,-0.19,-11.69,-11.3,-6.8,2025-08-23
CZLT33,Cosan Ltd DR3,,,5.3,0.09747,342,246,588,29.23,0.0,11.24,1.39,0.0,2.6,0.0,0.0,9.1,2025-08-23
SOJA3,BOA SAFRA ON NM,Agropecuária,Agricultura,5.8,0.09276,328,260,588,10.28,4169470.0,13.74,1.03,2.9,0.75,-1.25,-22.04,8.9,2025-08-23
FLCL6,CATAG LEOPOLDINA PNB,,,10.0,0.0321,225,367,592,9.91,0.0,47.33,10.66,0.0,0.21,0.0,0.0,6.5,2025-08-23
IGUA5,CIA. IGUAÇU DE CAFÉ SOLÚVEL PNA,,,7.6,0.06835,294,302,596,7.98,0.0,-12.26,-1.41,0.0,-0.65,0.0,0.0,-4.5,2025-08-23
IGUA6,CIA. IGUAÇU DE CAFÉ SOLÚVEL PNB,,,7.6,0.06793,294,303,597,8.07,0.0,-12.4,-1.43,0.0,-0.65,0.0,0.0,-4.5,2025-08-23
IGUA3,CIA. IGUAÇU DE CAFÉ SOLÚVEL ON,,,7.6,0.06757,294,304,598,8.15,0.0,-12.52,-1.44,0.0,-0.65,0.0,0.0,-4.5,2025-08-23
FLCL3,CATAG LEOPOLDINA ON,,,10.0,0.02835,225,373,598,11.5,0.0,54.92,12.37,0.0,0.21,0.0,0.0,6.5,2025-08-23
TNLP3,TELEMAR ON,,,4.6,0.09699,350,248,598,27.75,0.0,35.39,0.96,0.0,0.78,0.0,0.0,-0.1,2025-08-23
PTNT4,PETTENATI PN,"Tecidos, Vestuário e Calçados",Fios e Tecidos,4.9,0.09625,348,251,599,4.75,81766.0,5.92,0.52,5.7,0.8,2.37,-20.79,7.2,2025-08-23
TMGC11,TELEMIG CELULAR PNE,,,8.7,0.05333,262,337,599,900.0,0.0,14.26,1.83,0.0,63.11,0.0,0.0,9.2,2025-08-23
LUXM3,TREVISA INVESTIMENTOS SA ON,Transporte,Transporte Hidroviário,9.1,0.04505,246,353,599,10.0,0.0,11.14,2.59,0.0,0.9,0.0,0.0,25.9,2025-08-23
FLCL5,CATAG LEOPOLDINA PNA,,,10.0,0.02641,225,375,600,12.5,0.0,59.7,13.45,0.0,0.21,0.0,0.0,6.5,2025-08-23
SMTO3,SAO MARTINHO ON NM,Alimentos Processados,Açucar e Alcool,5.9,0.08326,325,275,600,16.83,33291300.0,10.9,0.81,5.4,1.54,-2.54,-40.93,7.0,2025-08-23
FFTL3,FOSFERTIL ON,Químicos,Fertilizantes e Defensivos,8.9,0.04866,254,347,601,25.0,0.0,53.22,2.26,0.0,0.47,0.0,0.0,8.2,2025-08-23
FFTL4,FOSFERTIL PN,Químicos,Fertilizantes e Defensivos,8.9,0.04854,254,348,602,25.06,0.0,53.34,2.26,0.0,0.47,0.0,0.0,8.2,2025-08-23
BEMA3,Bematech ON NM,Computadores e Equipamentos,Computadores e Equipamentos,7.0,0.0693,303,300,603,10.8,0.0,15.32,1.22,0.0,0.7,0.0,0.0,8.4,2025-08-23
TMGC13,TELEMIG CELULAR PNG,,,8.7,0.04943,262,344,606,966.14,0.0,15.31,1.96,0.0,63.11,0.0,0.0,9.2,2025-08-23
FRIO3,Metalfrio ON NM,Máquinas e Equipamentos,Máq. e Equip. Industriais,8.4,0.05362,276,335,611,229.99,22284.0,141.29,4.11,0.0,1.63,13.3,27.77,0.2,2025-08-23
GBIO33,BIOTOSCANA DR3,Medicamentos e Outros Produtos,Medicamentos e Outros Produtos,7.1,0.06227,300,311,611,10.4,0.0,-14.97,1.32,0.0,-0.69,0.0,6.12,-10.1,2025-08-23
JOPA3,JOSAPAR S/A ON,Alimentos Processados,Alimentos Diversos,4.6,0.09217,350,261,611,22.0,141.0,32.92,0.39,2.9,0.67,0.0,7.74,0.6,2025-08-23
JOPA4,JOSAPAR S/A PN,Alimentos Processados,Alimentos Diversos,4.6,0.08961,350,265,615,24.0,0.0,35.91,0.42,2.9,0.67,0.0,-31.39,0.6,2025-08-23
CBAV3,CBA ON NM,Mineração,Minerais Metálicos,4.2,0.09149,359,262,621,3.08,23406500.0,10.64,0.46,0.0,0.29,-32.46,-42.32,3.3,2025-08-23
TESA3,TERRA SANTA ON NM,Agropecuária,Agricultura,6.4,0.06557,313,309,622,48.0,0.0,-13.3,1.62,0.0,-3.61,0.0,15.66,-7.6,2025-08-23
LCAM3,LOCAMERICA ON NM,Diversos,Aluguel de carros,9.6,0.01962,239,384,623,24.15,0.0,41.56,5.61,0.0,0.58,0.0,0.0,18.5,2025-08-23
RLOG3,COSAN LOG ON NM,Transporte,Transporte Ferroviário,5.4,0.08045,341,282,623,23.08,0.0,82.76,4.26,0.0,0.28,0.0,16.29,7.1,2025-08-23
USIM6,USIMINAS PNB N1,Siderurgia e Metalurgia,Siderurgia,3.4,0.0956,372,252,624,8.0,18.0,26.65,0.41,0.0,0.3,0.0,-19.03,2.0,2025-08-23
TANC4,TAM PN,Transporte,Transporte Aéreo,6.4,0.06173,313,313,626,43.0,0.0,-18.54,3.1,0.0,-2.32,0.0,0.0,-2.2,2025-08-23
ETER3,ETERNIT ON,Construção e Engenharia,Produtos para Construção,3.1,0.09634,378,250,628,4.16,415835.0,5.5,0.31,2.1,0.76,11.83,-30.38,4.0,2025-08-23
TMGC3,TELEMIG CELULAR ON,,,8.7,0.03111,262,369,631,1500.0,0.0,23.77,3.05,0.0,63.11,0.0,0.0,9.2,2025-08-23
PNVL4,PANVEL FARMÁCIAS PN,Comércio e Distribuição,Medicamentos e Outros Produtos,7.7,0.05086,292,341,633,18.62,0.0,23.85,2.27,0.0,0.78,0.0,0.0,2.3,2025-08-23
TAMM3,TAM ON,Transporte,Transporte Aéreo,6.4,0.05562,313,327,640,52.6,0.0,-22.68,3.79,0.0,-2.32,0.0,0.0,-2.2,2025-08-23
AEDU11,ANHANGUERA EDUCACIONAL PARTICIPAÇÕES SA UNT,Diversos,Serviços Educacionais,5.8,0.06196,328,312,640,37.35,0.0,20.13,1.13,0.0,1.86,0.0,0.0,7.0,2025-08-23
TASA4,TAURUS ARMAS PN,Máquinas e Equipamentos,Armas e Munições,4.4,0.07924,355,285,640,4.67,2353070.0,5.49,0.51,3.9,0.85,-13.2,-53.46,7.6,2025-08-23
TAMM4,TAM PN,Transporte,Transporte Aéreo,6.4,0.05552,313,328,641,52.73,0.0,-22.74,3.8,0.0,-2.32,0.0,0.0,-2.2,2025-08-23
TASA3,TAURUS ARMAS ON,Máquinas e Equipamentos,Armas e Munições,4.4,0.07273,355,294,649,5.48,93295.0,6.45,0.6,3.4,0.85,-15.56,-45.8,7.6,2025-08-23
ATED3,ATOM EDUC ON,Diversos,Serviços Educacionais,8.0,0.03698,289,363,652,2.11,47365.0,-10.02,2.42,0.0,-0.21,4.46,34.39,-11.4,2025-08-23
PTBL4,PORTOBELLO S/A PN,Construção e Engenharia,Produtos para Construção,3.9,0.0757,366,289,655,2.59,0.0,-2.49,1.47,0.0,-1.04,0.0,0.0,-5.7,2025-08-23
LWSA3,LOCAWEB ON NM,Programas e Serviços,Programas e Serviços,4.0,0.06906,361,301,662,3.99,24834400.0,75.23,0.82,3.1,0.05,6.07,-17.61,2.1,2025-08-23
PTNT3,PETTENATI ON,"Tecidos, Vestuário e Calçados",Fios e Tecidos,4.9,0.06158,348,314,662,9.08,6819.0,11.31,0.99,3.0,0.8,1.23,6.32,7.2,2025-08-23
MOSI3,MOSAICO SA ON NM,Programas e Serviços,Programas e Serviços,8.1,0.02327,286,381,667,8.24,0.0,32.29,1.56,0.0,0.26,0.0,-46.63,14.7,2025-08-23
GUAR4,GUARARAPES CONFECÇÕES PN,Comércio,"Tecidos, Vestuário e Calçados",8.5,0.01246,274,394,668,151.0,0.0,183.1,13.64,0.0,0.82,0.0,0.0,4.0,2025-08-23
PTBL3,PORTOBELLO S/A ON,Construção e Engenharia,Produtos para Construção,3.9,0.06716,366,305,671,3.82,911708.0,-3.67,2.17,0.0,-1.04,-3.78,-23.6,-5.7,2025-08-23
MRSL4,MARISOL PN,"Tecidos, Vestuário e Calçados",Vestuário,4.4,0.06057,355,317,672,3.05,0.0,9.48,0.91,0.0,0.32,0.0,0.0,8.7,2025-08-23
FESA3,FERBASA ON,Siderurgia e Metalurgia,Siderurgia,5.5,0.05356,337,336,673,11.2,1890.0,14.52,1.17,4.1,0.77,-8.2,-19.99,11.4,2025-08-23
RSIP3,RASIP AGRO PASTORIL ON,Agropecuária,Agricultura,5.0,0.05411,343,331,674,0.44,0.0,22.7,1.32,0.0,0.02,0.0,0.0,3.9,2025-08-23
RSIP4,RASIP AGRO PASTORIL PN,Agropecuária,Agricultura,5.0,0.05411,343,331,674,0.44,0.0,22.7,1.32,0.0,0.02,0.0,0.0,3.9,2025-08-23
LAND3,TERRASANTAPA ON NM,Agropecuária,Agricultura,5.7,0.05061,335,343,678,10.4,226004.0,61.34,1.37,0.7,0.17,4.0,-16.36,19.0,2025-08-23
TMCP3,TELEMIG CELULAR PARTICIPAÇÕES S.A. ON,,,5.5,0.05081,337,342,679,56.0,0.0,18.58,1.38,0.0,3.01,0.0,0.0,9.8,2025-08-23
MRSL3,MARISOL ON,"Tecidos, Vestuário e Calçados",Vestuário,4.4,0.05637,355,324,679,3.3,0.0,10.25,0.99,0.0,0.32,0.0,0.0,8.7,2025-08-23
SDIA3,SADIA ON N1,Alimentos Processados,Carnes e Derivados,5.9,0.0432,325,355,680,6.42,0.0,-1.59,9.41,0.0,-4.03,0.0,0.0,-25.1,2025-08-23
SDIA4,SADIA PN N1,Alimentos Processados,Carnes e Derivados,5.9,0.0432,325,355,680,6.42,0.0,-1.59,9.41,0.0,-4.03,0.0,0.0,-25.1,2025-08-23
DAGB33,DUFRY AG DR3,Comércio,Produtos Diversos,5.0,0.05168,343,339,682,375.0,0.0,71.75,1.6,0.0,5.23,0.0,0.0,1.7,2025-08-23
TMCP4,TELEMIG CELULAR PARTICIPAÇÕES S.A. PN,,,5.5,0.04847,337,349,686,58.2,0.0,19.31,1.44,0.0,3.01,0.0,0.0,9.8,2025-08-23
LINX3,LINX ON NM,Programas e Serviços,Programas e Serviços,6.8,0.01942,304,386,690,37.4,0.0,-90.95,4.38,1.5,-0.41,0.0,-0.48,-8.7,2025-08-23
VGOR4,VIGOR PN N1,,,6.0,0.02933,320,371,691,5.87,0.0,-29.58,7.18,0.0,-0.2,0.0,0.0,-4.6,2025-08-23
CBMA3,COBRASMA S/A ON,,,8.3,0.00044,280,411,691,0.01,0.0,0.0,0.0,0.0,-13.34,0.0,0.0,-12566.3,2025-08-23
CBMA4,COBRASMA S/A PN,,,8.3,0.00044,280,411,691,0.01,0.0,0.0,0.0,0.0,-13.34,0.0,0.0,-12566.3,2025-08-23
ROMI3,ROMI ON,Máquinas e Equipamentos,Máq. e Equip. Industriais,3.4,0.05869,372,321,693,7.73,901100.0,7.88,0.59,10.6,0.98,-10.12,-25.67,7.1,2025-08-23
DXCO3,DEXCO ON,Madeira e Papel,Madeira,3.5,0.05373,371,333,704,5.71,14837100.0,24.34,0.69,0.9,0.23,5.74,-29.04,2.5,2025-08-23
VSTE3,VESTE ON,Comércio,"Tecidos, Vestuário e Calçados",3.4,0.05222,372,338,710,5.83,62763.0,1264.83,0.64,0.0,0.0,-3.0,-56.65,0.0,2025-08-23
AEDU3,ANHANGUERA EDUCACIONAL PARTICIPAÇÕES SA ON NM,Diversos,Serviços Educacionais,5.8,0.02311,328,382,710,18.35,0.0,59.34,3.32,0.0,0.31,0.0,0.0,7.0,2025-08-23
ETER4,ETERNIT PN,Construção e Engenharia,Produtos para Construção,3.1,0.05141,378,340,718,9.85,0.0,13.03,0.74,0.0,0.76,0.0,0.0,4.0,2025-08-23
HYPE3,HYPERA ON,Comércio e Distribuição,Medicamentos e Outros Produtos,4.1,0.04134,360,359,719,23.75,73963500.0,20.26,1.25,4.5,1.17,-8.72,-22.19,11.0,2025-08-23
UCOP4,USINA COSTA PINTO S/A AÇÚCAR E ÁLCOOL PN,,,3.9,0.04137,366,358,724,6.5,0.0,18.01,1.3,0.0,0.36,0.0,0.0,110.5,2025-08-23
ARCZ6,ARACRUZ CELULOSE SA PNB N1,Madeira e Papel,Papel e Celulose,4.0,0.03559,361,365,726,3.63,0.0,-1.86,1.94,0.0,-1.95,0.0,0.0,-58.0,2025-08-23
ARCZ3,ARACRUZ CELULOSE SA ON N1,Madeira e Papel,Papel e Celulose,4.0,0.03549,361,366,727,3.66,0.0,-1.88,1.95,0.0,-1.95,0.0,0.0,-58.0,2025-08-23
CCTU4,COMPANHIA BRASILEIRA DE CARTUCHOS - CBC PN,,,3.0,0.04593,380,352,732,37.28,0.0,7.65,0.92,0.0,4.87,0.0,0.0,4.0,2025-08-23
IMCH3,IMC HOLDINGS ON NM,Hoteis e Restaurantes,Restaurante e Similares,2.6,0.04726,390,351,741,6.39,0.0,41.83,0.59,0.0,0.15,0.0,0.0,0.8,2025-08-23
HGTX4,CIA HERING PN N1,"Tecidos, Vestuário e Calçados",Vestuário,3.0,0.03571,380,364,744,9.6,0.0,26.11,0.92,0.0,0.37,0.0,0.0,4.1,2025-08-23
WMBY3,WEMBLEY SOCIEDADE ANÔNIMA ON,"Tecidos, Vestuário e Calçados",Fios e Tecidos,2.4,0.03997,394,361,755,25.39,0.0,-19.3,2.87,0.0,-1.32,0.0,0.0,-7.0,2025-08-23
ENAT3,ENAUTA PART ON,"Petróleo, Gás e Biocombustíveis","Exploração, Refino e Distribuição",2.9,0.03127,388,368,756,21.64,0.0,10.21,1.28,0.0,2.12,0.0,2.56,25.3,2025-08-23
PQUN3,PETROQUIMICA UNIAO S.A. ON,Químicos,Petroquímicos,3.0,0.02484,380,379,759,15.44,0.0,104.31,1.88,0.0,0.15,0.0,0.0,0.5,2025-08-23
PQUN4,PETROQUIMICA UNIAO S.A. PN,Químicos,Petroquímicos,3.0,0.02484,380,379,759,15.44,0.0,104.31,1.88,0.0,0.15,0.0,0.0,0.5,2025-08-23
ASTA4,SANTISTA TÊXTIL S.A. PN,,,2.5,0.03012,391,370,761,25.83,0.0,-30.79,1.0,0.0,-0.84,0.0,0.0,-2.1,2025-08-23
ELEV3,ELEVA  ON,Alimentos Processados,Carnes e Derivados,3.0,0.01945,380,385,765,24.3,0.0,312.39,3.22,0.0,0.08,0.0,0.0,0.3,2025-08-23
RAIZ4,RAIZEN PN N2,"Petróleo, Gás e Biocombustíveis","Exploração, Refino e Distribuição",1.8,0.02889,398,372,770,1.04,27388000.0,-1.51,0.66,0.0,-0.69,-30.2,-68.0,-2.8,2025-08-23
TEKA4,TEKA S.A. PN,"Tecidos, Vestuário e Calçados",Fios e Tecidos,2.1,0.02569,395,376,771,21.25,0.0,-0.06,0.0,0.0,-339.73,0.0,-32.71,-52.8,2025-08-23
DPPI4,IPIRANGA DISTRIBUIDORA PN,,,3.0,0.01356,380,392,772,38.9,0.0,7.62,2.28,0.0,5.11,0.0,0.0,-5.0,2025-08-23
TEKA3,TEKA S.A. ON,"Tecidos, Vestuário e Calçados",Fios e Tecidos,2.1,0.02526,395,378,773,42.5,0.0,-0.13,-0.01,0.0,-339.73,0.0,0.0,-52.8,2025-08-23
ROMI4,ROMI PN,Máquinas e Equipamentos,Máq. e Equip. Industriais,3.4,0.00412,372,404,776,185.0,0.0,188.59,14.11,0.0,0.98,0.0,0.0,7.1,2025-08-23
BAHI11,BIOMA EDUC PRB,Diversos,Serviços Educacionais,0.6,0.02646,404,374,778,2.0,0.0,-0.74,0.82,0.0,-2.69,0.0,0.0,-20.6,2025-08-23
TERI3,TEREOS ON NM,Alimentos Processados,Alimentos Diversos,1.2,0.02528,402,377,779,64.28,0.0,-8.83,0.29,0.0,-7.28,0.0,0.0,-1.9,2025-08-23
HGTX3,CIA HERING ON N1,"Tecidos, Vestuário e Calçados",Vestuário,3.0,0.00937,380,399,779,37.5,0.0,101.99,3.57,0.0,0.37,0.0,-3.55,4.1,2025-08-23
SQIA3,SINQIA ON,Programas e Serviços,Programas e Serviços,2.8,0.01485,389,390,779,27.37,0.0,-110.33,3.7,0.0,-0.25,0.0,2.66,-2.9,2025-08-23
ELEK3,ELEKEIROZ S/A ON,Químicos,Petroquímicos,2.5,0.0152,391,389,780,19.11,0.0,24.46,2.66,0.3,0.78,0.0,6.56,2.5,2025-08-23
DPPI3,IPIRANGA DISTRIBUIDORA ON,,,3.0,0.00564,380,403,783,85.0,0.0,16.65,4.99,0.0,5.11,0.0,0.0,-5.0,2025-08-23
ELEK4,ELEKEIROZ S/A PN,Químicos,Petroquímicos,2.5,0.01183,391,395,786,26.0,0.0,33.27,3.62,0.2,0.78,0.0,50.31,2.5,2025-08-23
PLTO6,POLITENO IND E COMERCIO S.A. PNB,,,1.7,0.01775,399,387,786,10.47,0.0,50.81,692616.0,0.0,0.21,0.0,0.0,1.4,2025-08-23
PLTO5,POLITENO IND E COMERCIO S.A. PNA,,,1.7,0.017,399,388,787,10.94,0.0,53.09,723708.0,0.0,0.21,0.0,0.0,1.4,2025-08-23
BIED3,BIOMA EDUC ON,Diversos,Serviços Educacionais,0.6,0.01963,404,383,787,3.2,10688.0,-1.19,1.32,0.0,-2.69,-12.81,-55.68,-20.6,2025-08-23
HBSA3,HIDROVIAS ON NM,Transporte,Transporte Hidroviário,1.3,0.00952,401,397,798,3.69,10270500.0,-12.85,2.28,0.0,-0.29,-0.27,3.12,-23.6,2025-08-23
RPSA4,RIPASA PN N1,,,0.9,0.00727,403,402,805,4.9,0.0,27.33,1.55,0.0,0.18,0.0,0.0,20.8,2025-08-23
SNSY5,SANSUY S.A. INDÚSTRIA DE PLÁSTICOS PNA,Materiais Diversos,Materiais Diversos,0.4,0.00845,410,401,811,3.55,15365.0,-0.14,-0.01,0.0,-24.61,0.85,-36.15,-19.7,2025-08-23
LJQQ3,QUERO-QUERO ON NM,Comércio,Produtos Diversos,0.1,0.00935,412,400,812,2.31,4440420.0,-6.05,0.92,5.3,-0.38,-2.53,-43.35,-2.9,2025-08-23
BAHI5,BIOMA EDUC PNA,Diversos,Serviços Educacionais,0.6,0.00137,404,409,813,65.0,0.0,-24.19,26.81,0.0,-2.69,0.0,0.0,-20.6,2025-08-23
BAHI4,BIOMA EDUC PN,Diversos,Serviços Educacionais,0.6,0.00104,404,410,814,86.0,0.0,-32.01,35.47,0.0,-2.69,0.0,0.0,-20.6,2025-08-23
JALL3,JALLESMACHAD ON NM,Alimentos Processados,Açucar e Alcool,0.2,0.00278,411,405,816,2.81,2772630.0,-12.63,0.43,0.0,-0.22,-21.07,-59.22,-2.8,2025-08-23
